-- MySQL dump 10.13  Distrib 8.0.34, for Linux (x86_64)
--
-- Host: localhost    Database: bread
-- ------------------------------------------------------
-- Server version	8.0.34-0ubuntu0.22.04.1

/*!40101 SET @OLD_CHARACTER_SET_CLIENT=@@CHARACTER_SET_CLIENT */;
/*!40101 SET @OLD_CHARACTER_SET_RESULTS=@@CHARACTER_SET_RESULTS */;
/*!40101 SET @OLD_COLLATION_CONNECTION=@@COLLATION_CONNECTION */;
/*!50503 SET NAMES utf8mb4 */;
/*!40103 SET @OLD_TIME_ZONE=@@TIME_ZONE */;
/*!40103 SET TIME_ZONE='+00:00' */;
/*!40014 SET @OLD_UNIQUE_CHECKS=@@UNIQUE_CHECKS, UNIQUE_CHECKS=0 */;
/*!40014 SET @OLD_FOREIGN_KEY_CHECKS=@@FOREIGN_KEY_CHECKS, FOREIGN_KEY_CHECKS=0 */;
/*!40101 SET @OLD_SQL_MODE=@@SQL_MODE, SQL_MODE='NO_AUTO_VALUE_ON_ZERO' */;
/*!40111 SET @OLD_SQL_NOTES=@@SQL_NOTES, SQL_NOTES=0 */;

--
-- Table structure for table `board`
--

create database bread;
use bread;


DROP TABLE IF EXISTS `board`;
/*!40101 SET @saved_cs_client     = @@character_set_client */;
/*!50503 SET character_set_client = utf8mb4 */;
CREATE TABLE `board` (
  `b_no` int NOT NULL AUTO_INCREMENT COMMENT '게시판(게시글) 번호',
  `bt_no` int NOT NULL COMMENT '게시판 타입 번호',
  `u_no` int NOT NULL COMMENT '유저 번호',
  `b_title` varchar(10) CHARACTER SET utf8mb4 COLLATE utf8mb4_0900_ai_ci NOT NULL COMMENT '게시글 제목',
  `b_content` longtext CHARACTER SET utf8mb4 COLLATE utf8mb4_0900_ai_ci NOT NULL COMMENT '게시글 내용',
  `b_reg_dt` timestamp NOT NULL DEFAULT CURRENT_TIMESTAMP COMMENT '게시글 등록시간',
  `b_mod_dt` timestamp NULL DEFAULT CURRENT_TIMESTAMP COMMENT '게시글 수정시간',
  `b_done` tinyint NOT NULL DEFAULT '1' COMMENT '삭제여부(구현X)',
  `b_cnt` int NOT NULL DEFAULT '0' COMMENT '조회수',
  PRIMARY KEY (`b_no`),
  KEY `u_no` (`u_no`),
  KEY `bt_no` (`bt_no`),
  CONSTRAINT `board_ibfk_1` FOREIGN KEY (`u_no`) REFERENCES `users` (`u_no`),
  CONSTRAINT `board_ibfk_2` FOREIGN KEY (`bt_no`) REFERENCES `board_type` (`bt_no`) ON DELETE CASCADE ON UPDATE CASCADE
) ENGINE=InnoDB AUTO_INCREMENT=131 DEFAULT CHARSET=utf8mb4 COLLATE=utf8mb4_0900_ai_ci COMMENT='게시판(게시글)';
/*!40101 SET character_set_client = @saved_cs_client */;

--
-- Dumping data for table `board`
--

LOCK TABLES `board` WRITE;
/*!40000 ALTER TABLE `board` DISABLE KEYS */;
INSERT INTO `board` VALUES (2,1,3,'연휴안내 공지사항','연휴동안 예약은 받지 않습니다.','2023-05-04 06:27:32','2023-05-08 10:13:15',1,13),(6,2,4,'문의','문의 드립니다. 문의드립니다','2023-05-04 06:45:53','2023-05-04 06:45:53',1,56),(10,2,19,'유명빵','매장이 작은거 같아요 더 추가해 주세요!','2023-05-05 05:25:12','2023-05-05 05:25:12',1,10),(11,2,21,'유명도넛','도넛도 유명한곳 입점하면 좋겠어요','2023-05-06 01:12:10','2023-05-06 01:12:10',1,6),(13,2,20,'빵 제품','보존기간 알려주세요','2023-05-06 02:31:55','2023-05-06 02:31:55',1,5),(15,2,22,'식빵','냉동실에 보관시 최대 며칠까지 가능한가요','2023-05-08 01:21:05','2023-05-08 01:21:05',1,3),(16,2,20,'퀵 가능한지','퀵 받고 싶어요 가능한가요?','2023-05-08 01:42:05','2023-05-08 01:42:05',1,3),(17,2,19,'당일 빵','당일 빵 예약되나요','2023-05-08 04:26:29','2023-05-08 04:26:29',1,10),(18,2,20,'내일 퀵','내일 주소 드리면 퀵 받을수 있나요?','2023-05-08 04:29:18','2023-05-08 04:29:18',1,2),(19,2,21,'현장 수령시','추가 구매 가능한가요?','2023-05-08 04:31:19','2023-05-08 04:31:19',1,25),(20,2,22,'포장가능','포장 가능한가요??','2023-05-08 04:32:23','2023-05-08 04:32:23',1,30),(21,2,19,'커피음료','음료수도 같이 받을수 있으면 좋겠어요.','2023-05-08 04:43:11','2023-05-08 04:43:11',1,27),(22,2,20,'크림치즈','종류 알려주세요','2023-05-08 05:02:23','2023-05-08 05:02:23',1,12),(23,2,21,'베이글','최대 며칠동안 보관 가능한가요?','2023-05-08 05:55:11','2023-05-08 05:55:11',1,15),(24,2,22,'문의드려요','안녕하세요! 당일 구매 가능한가요','2023-05-08 06:01:33','2023-05-08 06:01:33',1,17),(25,2,19,'배달문의','갈 시간이 안되는데 배달되나요? 비용드립니다.','2023-05-08 06:03:40','2023-05-08 06:03:40',1,55),(26,2,20,'도넛문의','유명한 도넛가게도 입점해 주세요!','2023-05-08 06:05:30','2023-05-08 06:05:30',1,60),(27,2,21,'문의드립니다.','안녕하세요! 냉동해 두고 전자렌지에 돌려서 먹어도 될까요?','2023-05-08 07:03:20','2023-05-08 07:03:20',1,14),(28,2,22,'단체납품','안녕하세요 단체 납품 문의드립니다.','2023-05-08 07:13:11','2023-05-08 07:13:11',1,6),(29,2,20,'개별포장','개별포장 가능한지 문의드립니다.','2023-05-08 07:29:12','2023-05-08 07:29:12',1,8),(30,2,4,'빵을 받았는데요','상한거 같아요','2023-05-08 07:40:39','2023-05-08 07:40:39',1,4),(31,2,19,'단체주문','단체 주문시 배달가능한가요?','2023-05-08 07:42:35','2023-05-08 07:42:35',1,10),(32,2,20,'택배가능여부','택배 가능한지 확인 부탁드려요!','2023-05-08 07:43:49','2023-05-08 07:43:49',1,12),(33,2,21,'선물용 가능','선물할껀데요 퀵 받을수 있을까요?','2023-05-08 08:10:28','2023-05-08 08:10:28',1,15),(34,2,22,'퀵 배송 문의','퀵 받을수 있을까요?','2023-05-08 08:20:19','2023-05-08 08:20:19',1,6),(35,2,22,'택배배송문의','택배 받을수 있을까요???','2023-05-08 08:20:37','2023-05-08 08:20:37',1,3),(36,2,21,'문의드립니다.','문의드립니다. 문의드립니다.','2023-05-08 08:21:23','2023-05-08 08:21:23',1,8),(37,2,21,'선물 포장 ','안녕하세요 서문포장 가능하나요??','2023-05-08 08:22:23','2023-05-08 08:22:23',1,10),(39,2,19,'도넛은 언제','도넛은 최대 유통기한이 언제까지 인가요?','2023-05-08 08:23:30','2023-05-08 08:23:30',1,2),(40,2,19,'빵을 받았는데요 상','빵을 받았는데요. 상한거 같아요~~','2023-05-08 08:23:44','2023-05-08 08:23:44',1,4),(41,2,19,'빵 보존기간 문의','빵은 어디에 보관해야 하나요?','2023-05-08 08:24:26','2023-05-08 08:24:26',1,37),(42,1,3,'입점문의','입점문의 전화주세요 053-222-3333','2023-05-08 10:09:46','2023-05-08 10:09:46',1,15),(44,1,3,'빵 데우기','받으신후 냉장보관 하시고 전자렌지에 데워드세요','2023-05-08 10:17:17','2023-05-08 10:17:17',1,25),(46,1,3,'퀵','퀵 가능여부는 각 매장별 전화문의로 체크해 주세요','2023-05-08 10:46:42','2023-05-08 10:46:42',1,3),(47,1,3,'이벤트 취소공지','비와서 눈와서 이벤트 취소공지','2023-05-08 11:01:47','2023-05-08 11:01:47',1,7),(48,2,5,'주문확인','주문 확인 부탁드려요','2023-05-08 11:05:17','2023-05-08 11:05:17',1,7),(49,2,8,'단체주문건','단체 주문확인해 주세요! 연락주세요','2023-05-08 12:03:29','2023-05-08 12:03:29',1,12),(50,2,9,'행사제안','행사에 사용할 빵 종류 추천해 주세요','2023-05-09 01:00:42','2023-05-09 01:00:42',1,15),(51,1,3,'택배관련','매장마다 상황이 다르므로 가능여부 직접 체크하세요!','2023-05-09 02:04:45','2023-05-09 06:10:35',1,3),(52,1,3,'퀵관련','반드시 해당 매장에 문의해 주세요','2023-05-09 05:40:05','2023-05-09 06:11:12',1,7),(53,2,12,'예약확인','예약확인 해 주세요','2023-05-09 05:50:15','2023-05-09 05:50:15',1,7),(54,2,10,'수량변경','예약한 수량보다 더 주문가능할까요?','2023-05-09 05:50:50','2023-05-09 05:50:50',1,8),(55,1,3,'명절 공지','명절 공지명절 공지명절 공지명절 공지명절 공지','2023-05-09 07:38:13','2023-05-09 07:38:13',1,2),(56,1,3,'선물포장 공지','선물포장은 각매장으로 연락주세요','2023-05-09 07:38:45','2023-05-09 07:38:45',1,0),(57,1,3,'택배상황 체크','반드시 꼭 해당 매장으로 연락주세요','2023-05-09 07:39:14','2023-05-09 07:39:14',1,0),(58,1,3,'휴무공지','5월 29일 석가탄신일 대체휴무일로 쉽니다.','2023-05-09 07:40:20','2023-05-09 07:40:20',1,1),(59,2,15,'빵칼구매','빵칼도 주실수 있나요?','2023-05-09 09:40:50','2023-05-09 09:40:50',1,2),(60,2,15,'빵보관은 어떻게 ','빵 보관은 어떻게 하는지요??','2023-05-09 09:42:43','2023-05-09 09:42:43',1,1),(61,2,15,'빵 유통기한','빵 유통기한은 언제까지 일까요? 보통 3일이면 될까요?','2023-05-09 09:43:35','2023-05-09 09:43:35',1,4),(62,2,20,'선물 포장 가능','선물 포장 가능한가요???','2023-05-09 09:44:11','2023-05-09 09:44:11',1,1),(63,2,20,'빵 포장','안녕하세요! 빵선물용으로 포장 가능한가요','2023-05-09 09:47:35','2023-05-09 09:47:35',1,3),(64,2,22,'퀵 배송','제가 바빠서 가지 못하는데 혹시 퀵 배송가능한가요?','2023-05-09 09:49:02','2023-05-09 09:49:02',1,3),(65,2,5,'문의','안녕하세요! 냉동해 두고 전자렌지에 돌려서 먹어도 될까요?','2023-05-09 09:49:08','2023-05-09 09:49:08',1,5),(66,2,8,'보존기간','보존기간 알려주세요','2023-05-09 09:50:10','2023-05-09 09:50:10',1,10),(67,2,6,'입점추가','도넛외 다른빵도 유명한곳 입점하면 좋겠어요','2023-05-09 09:51:05','2023-05-09 09:51:05',1,12),(68,2,10,'퀵퀵퀵','퀵 받고 싶어요 가능한가요?','2023-05-09 09:52:08','2023-05-09 09:52:08',1,20),(69,2,9,'배달문의','갈 시간이 안되는데 배달되나요? 비용드립니다.','2023-05-09 09:53:15','2023-05-09 09:53:15',1,8),(70,1,3,'빵 보관기간','빵은 상온에서 하루 보관가능하며 서늘한곳에 보관해 주시고 여름에는 냉장보관해 주세요!','2023-05-09 09:54:28','2023-05-09 09:54:28',1,3),(71,2,18,'크림치즈도','함께 먹을수 있는 크림치즈도 구매하고 싶어요','2023-05-10 01:07:45','2023-05-10 01:07:45',1,16),(72,2,8,'매장수량','매장이 작은거 같아요 더 추가해 주세요!','2023-05-10 01:09:35','2023-05-10 01:09:35',1,18),(73,2,6,'보관기간','최대 며칠동안 보관 가능한가요?','2023-05-10 02:08:23','2023-05-10 02:08:23',1,22),(74,2,10,'개별포장','개별포장 가능한지 문의드립니다.','2023-05-10 02:10:25','2023-05-10 02:10:25',1,26),(75,2,9,'단체납품문의','안녕하세요 단체 납품 문의드립니다.','2023-05-10 02:17:29','2023-05-10 02:17:29',1,31),(76,2,4,'빵수니','빵수니 수니 수니 수니 빵수니','2023-05-10 02:18:29','2023-05-10 03:28:06',1,3),(77,1,3,'신규업체 모집','안녕하세요! 회원 여러분 신규 매장을 모집합니다.많은 관심 부탁드려요 :)','2023-05-10 06:05:32','2023-05-10 06:05:32',1,6),(78,1,3,'5월 3째주 이벤트','매장별 이벤트가 상이하므로 반드시 매장별 홈페이지를 참고해 주세요','2023-05-10 06:24:08','2023-05-10 06:24:08',1,8),(79,2,21,'개별포장 가능여부','안녕하세요 문의 드립니다.\r\n빵별 개별포장 가능한지요','2023-05-10 07:14:09','2023-05-10 07:14:09',1,5),(80,2,15,'당일 예약 문의','당일 예약 가능한가요?','2023-05-10 09:44:27','2023-05-10 09:44:27',1,6),(81,2,19,'추가 주문가능','문의드립니다. 빵 추가주문 가능한가요?','2023-05-10 09:45:22','2023-05-10 09:45:22',1,7),(82,2,20,'안녕하세요','안녕하세요 저녁에 몇시까지 찾으러 가면 될까요?','2023-05-10 09:46:20','2023-05-10 09:46:20',1,12),(83,2,21,'문의드립니다.','혹시 예약일 보다 하루 뒤에 찾으러 가도 될까요??','2023-05-10 09:47:07','2023-05-10 09:47:07',1,15),(84,2,22,'빵 매장 입점문의','안녕하세요 매장 입점하고 싶은데 연락한번 주세요\r\n\r\n','2023-05-10 09:47:58','2023-05-10 09:47:58',1,13),(85,2,22,'입점 조건','매장 입점 조건 알고 싶어요','2023-05-10 09:48:32','2023-05-10 09:48:32',1,17),(86,2,4,'서울지역 빵집','어느집이 맛있는지 추천부탁드립니다.','2023-05-10 09:58:11','2023-05-10 09:58:11',1,10),(87,2,4,'부산지역 빵집','유명하고 맛있는집 어디일까요','2023-05-10 09:58:45','2023-05-10 09:58:45',1,9),(88,2,15,'상품권 구매가능','상품권 구매가능한지요??','2023-05-10 09:59:28','2023-05-10 09:59:28',1,6),(89,2,15,'결제부분','결제부분 여러가지로 가능했으면 좋겠어요!!','2023-05-10 09:59:54','2023-05-10 09:59:54',1,8),(90,2,19,'생일선물','생일선물로 빵 포장 가능한지...','2023-05-10 10:00:36','2023-05-10 10:00:36',1,16),(91,2,21,'결제확인','결제확인 부탁드립니다.','2023-05-10 11:05:32','2023-05-10 11:05:32',1,13),(92,2,6,'울산빵집','울산쪽 빵집 추가해주세요','2023-05-10 11:25:20','2023-05-10 11:25:20',1,12),(93,2,10,'트룰리베이커','대구 트룰리 베이커 맛있어요 강력추천!','2023-05-10 11:27:10','2023-05-10 11:27:10',1,31),(94,2,8,'박스포장가능문의','박스로 선물용 처럼 포장 가능한지..','2023-05-10 12:30:13','2023-05-10 12:30:13',1,51),(95,2,9,'방문수령 시간대','찾으러 갈때 방문시간대 알려주세요','2023-05-10 13:31:22','2023-05-10 13:31:22',1,23),(96,2,12,'당일예약문의','당일 예약후 찾을수 있을까요?','2023-05-11 01:17:50','2023-05-11 01:17:50',1,46),(97,2,13,'대구빵집','대구쪽 빵집 매장 수량 늘려주세요','2023-05-11 01:25:47','2023-05-11 01:25:47',1,8),(98,2,22,'결제확인관련','결제확인 부탁드립니다. 결제창이 좀 이상하게 넘어가서요','2023-05-11 01:42:14','2023-05-11 01:42:14',1,9),(99,2,19,'수량추가문의','방금 예약했는데요 수량 추가 수정 가능할까요?','2023-05-11 01:43:26','2023-05-11 01:43:26',1,14),(100,2,21,'개별포장문의','개별 포장이 되는지 알고 싶어요','2023-05-11 01:55:22','2023-05-11 01:55:22',1,67),(102,2,1,'','','2023-05-11 02:39:57','2023-05-11 02:39:57',1,0),(103,2,8,'유명한집 추천','유명하고 맛있는집 어디일까요','2023-05-11 02:08:22','2023-05-11 02:08:22',1,7),(104,2,10,'결제창 체크','결제부분 여러가지로 가능했으면 좋겠어요!!','2023-05-11 02:10:30','2023-05-11 02:10:30',1,10),(105,2,12,'생일선물포장','생일선물로 빵 포장 가능한지...','2023-05-11 02:11:05','2023-05-11 02:11:05',1,3),(106,2,13,'강원도 빵집 추가','강원쪽 빵집 추가해주세요','2023-05-11 02:12:21','2023-05-11 02:12:21',1,5),(107,2,15,'방문시간대','찾으러 갈때 방문시간대 알려주세요','2023-05-11 02:13:50','2023-05-11 02:13:50',1,9),(108,2,18,'예약체크','방금 예약했는데요 수량 추가 수정 가능할까요?','2023-05-11 02:14:14','2023-05-11 02:14:14',1,12),(109,2,19,'단체납품건 문의','단체납품 가능한지 문의드립니다.','2023-05-11 02:15:16','2023-05-11 02:15:16',1,15),(110,2,20,'방문시간대','찾으러 갈때 방문시간대 알려주세요','2023-05-11 02:16:17','2023-05-11 02:16:17',1,17),(111,2,21,'당일예약','당일 예약후 찾을수 있을까요?','2023-05-11 02:17:18','2023-05-11 02:17:18',1,20),(113,2,6,'대전빵집','대전쪽 빵집 매장 수량 늘려주세요','2023-05-11 02:20:21','2023-05-11 02:20:21',1,45),(114,2,8,'개별포장 여부','개별 포장이 되는지 알고 싶어요','2023-05-11 02:21:11','2023-05-11 02:21:11',1,33),(115,2,9,'결제확인요','결제확인 부탁드립니다. 결제창이 좀 이상하게 넘어가서요','2023-05-11 02:22:05','2023-05-11 02:22:05',1,12),(116,2,10,'박스포장 가능한지','박스로 선물용 처럼 포장 가능한지..','2023-05-11 02:23:30','2023-05-11 02:23:30',1,11),(117,2,12,'배달가능 확인','갈 시간이 안되는데 배달되나요? 비용드립니다.','2023-05-11 02:24:20','2023-05-11 02:24:20',1,5),(118,2,13,'빵유통기간','빵 유통기한은 언제까지 일까요? 보통 3일이면 될까요?','2023-05-11 02:55:35','2023-05-11 02:55:35',1,7),(119,2,15,'빵 보관기간','보관기간 알려주세요','2023-05-11 02:59:30','2023-05-11 02:59:30',1,9),(120,2,18,'방문시간대','찾으러 갈때 방문시간대 알려주세요','2023-05-11 03:03:02','2023-05-11 03:03:02',1,13),(121,2,19,'생일선물','생일선물로 빵 포장 가능한지...','2023-05-11 03:04:07','2023-05-11 03:04:07',1,16),(122,2,20,'상품권 결제가능','상품권 구매가능한지요??','2023-05-11 03:05:08','2023-05-11 03:05:08',1,20),(123,2,21,'맛집 추천','유명하고 맛있는집 어디일까요','2023-05-11 03:13:02','2023-05-11 03:13:02',1,5),(124,2,22,'며칠동안 보관','최대 며칠동안 보관 가능한가요?','2023-05-11 03:15:33','2023-05-11 03:15:33',1,4),(125,2,19,'예약확인요','예약확인 해 주세요','2023-05-11 03:17:31','2023-05-11 03:17:31',1,3),(126,2,6,'내일가도 되나요','다음날 찾으러 가도되나요? 보관가능한지','2023-05-11 03:23:02','2023-05-11 03:23:02',1,3),(127,2,21,'결제체크요망','결제창 오류 체크 부탁드려요','2023-05-11 03:33:02','2023-05-11 03:33:02',1,7),(128,2,22,'택배가능 체크부탁','택배 가능할까요? 확인해 주세요','2023-05-11 03:35:12','2023-05-11 03:35:12',1,8),(129,2,19,'빵 포장 문의','빵 개별포장 가능할까요? ㅇㅇㅇㅇㄱㄱㄱ','2023-05-11 03:38:25','2023-05-12 03:27:04',1,62);
/*!40000 ALTER TABLE `board` ENABLE KEYS */;
UNLOCK TABLES;

--
-- Table structure for table `board_type`
--

DROP TABLE IF EXISTS `board_type`;
/*!40101 SET @saved_cs_client     = @@character_set_client */;
/*!50503 SET character_set_client = utf8mb4 */;
CREATE TABLE `board_type` (
  `bt_no` int NOT NULL COMMENT '게시판 타입 번호',
  `bt_name` varchar(10) CHARACTER SET utf8mb4 COLLATE utf8mb4_0900_ai_ci NOT NULL COMMENT '게시판 타입 이름',
  PRIMARY KEY (`bt_no`)
) ENGINE=InnoDB DEFAULT CHARSET=utf8mb4 COLLATE=utf8mb4_0900_ai_ci COMMENT='게시판 타입';
/*!40101 SET character_set_client = @saved_cs_client */;

--
-- Dumping data for table `board_type`
--

LOCK TABLES `board_type` WRITE;
/*!40000 ALTER TABLE `board_type` DISABLE KEYS */;
INSERT INTO `board_type` VALUES (1,'공지사항'),(2,'QNA');
/*!40000 ALTER TABLE `board_type` ENABLE KEYS */;
UNLOCK TABLES;

--
-- Table structure for table `comments`
--

DROP TABLE IF EXISTS `comments`;
/*!40101 SET @saved_cs_client     = @@character_set_client */;
/*!50503 SET character_set_client = utf8mb4 */;
CREATE TABLE `comments` (
  `c_no` int NOT NULL AUTO_INCREMENT COMMENT '댓글 번호',
  `b_no` int NOT NULL COMMENT '게시글 번호',
  `u_no` int NOT NULL COMMENT '유저 번호',
  `c_content` longtext CHARACTER SET utf8mb4 COLLATE utf8mb4_0900_ai_ci NOT NULL COMMENT '댓글 내용',
  `c_reg_dt` timestamp NOT NULL DEFAULT CURRENT_TIMESTAMP COMMENT '댓글 등록시간',
  `c_mod_dt` timestamp NULL DEFAULT CURRENT_TIMESTAMP COMMENT '댓글 수정시간',
  PRIMARY KEY (`c_no`),
  KEY `u_no` (`u_no`),
  KEY `b_no` (`b_no`),
  CONSTRAINT `comments_ibfk_1` FOREIGN KEY (`u_no`) REFERENCES `users` (`u_no`) ON DELETE CASCADE ON UPDATE CASCADE,
  CONSTRAINT `comments_ibfk_2` FOREIGN KEY (`b_no`) REFERENCES `board` (`b_no`) ON DELETE CASCADE ON UPDATE CASCADE
) ENGINE=InnoDB AUTO_INCREMENT=170 DEFAULT CHARSET=utf8mb4 COLLATE=utf8mb4_0900_ai_ci COMMENT='댓글';
/*!40101 SET character_set_client = @saved_cs_client */;

--
-- Dumping data for table `comments`
--

LOCK TABLES `comments` WRITE;
/*!40000 ALTER TABLE `comments` DISABLE KEYS */;
INSERT INTO `comments` VALUES (67,6,3,'문의 드립니다. 문의드립니다문의 드립니다. 문의드립니다','2023-05-07 09:35:51',NULL),(68,6,3,'문의 드립니다. 문의드립니다','2023-05-07 09:35:57',NULL),(136,35,3,'택배 불가합니다. 택배 불가합니다.','2023-05-09 00:48:46',NULL),(138,61,20,'저도 궁금하네요!!','2023-05-09 09:48:03',NULL),(143,64,3,'각 매장으로 직접 문의 주세요!','2023-05-09 09:57:46',NULL),(144,63,3,'추가비용이 청구됩니다!','2023-05-09 09:58:02',NULL),(145,62,3,'가능합니다. 단, 추가비용이 추가됩니다.','2023-05-09 09:58:18',NULL),(146,61,3,'보통은 상온에서 하루 이후로는 냉장보관 3일까지 가능합니다.','2023-05-09 09:58:45',NULL),(147,60,3,'여름철 제외하고 상온에서 1일 냉장보관 3일정도 입니다.','2023-05-09 09:59:14',NULL),(148,59,3,'서비스로 넣어드립니다.','2023-05-09 09:59:40',NULL),(149,41,3,'빵은 상할수 있어서 냉장보관 추천드립니다.','2023-05-09 10:00:34',NULL),(150,40,3,'혹시 구매하시고 상온보관 하셨나요??','2023-05-09 10:01:09',NULL),(151,39,3,'냉장보관 3일 입니다.','2023-05-09 10:01:24',NULL),(155,100,3,'개별포장은 비용이 추가되거나 안될수도 있습니다.','2023-05-11 02:28:11',NULL),(156,98,3,'결제확인 했습니다.','2023-05-11 02:30:22',NULL),(157,97,3,'현재 매장 추가 입점 받고 있습니다. 관심가져 주셔서 감사합니다 :)','2023-05-11 02:30:49',NULL),(158,96,3,'당일은 가능하지 않습니다. 100% 예약제 운영으로 최소 1일 이전에 주문 부탁드립니다.','2023-05-11 02:31:20',NULL),(159,95,3,'보통 11-6시 사이에 찾으러 가시면 될듯한데요 매장마다 오픈-마감시간대가 달라서 별도로 매장으로 연락주세요','2023-05-11 02:32:18',NULL),(160,94,3,'매장마다 다르므로 해당 매장으로 문의주세요!','2023-05-11 02:33:16',NULL),(161,92,3,'안녕하세요! 현재 전국적으로 입점 매장수를 늘리고 있습니다. 감사합니다.','2023-05-11 02:34:12',NULL),(162,91,3,'결제 확인 했습니다. 감사합니다.','2023-05-11 02:34:25',NULL),(163,90,3,'생일 선물포장 가능합니다. 단 별도의 비용이 청구됩니다.','2023-05-11 02:34:47',NULL),(164,89,3,'안녕하세요 현재 진행중인 사항입니다. 감사합니다.','2023-05-11 02:35:08',NULL),(165,129,1,'아니요','2023-05-11 05:10:05',NULL),(166,129,1,'테스트에요\n','2023-05-11 05:37:23',NULL),(167,129,1,'하이요','2023-05-11 05:37:36',NULL),(168,129,1,'','2023-05-11 06:01:26',NULL);
/*!40000 ALTER TABLE `comments` ENABLE KEYS */;
UNLOCK TABLES;

--
-- Table structure for table `orders`
--

DROP TABLE IF EXISTS `orders`;
/*!40101 SET @saved_cs_client     = @@character_set_client */;
/*!50503 SET character_set_client = utf8mb4 */;
CREATE TABLE `orders` (
  `o_no` int NOT NULL AUTO_INCREMENT COMMENT '주문 예약 번호',
  `u_no` int NOT NULL COMMENT '유저 번호',
  `p_no` int NOT NULL COMMENT '제품 번호',
  `o_reg_dt` timestamp NOT NULL DEFAULT CURRENT_TIMESTAMP COMMENT '주문 예약 등록 시간',
  `o_pickup_dt` timestamp NOT NULL COMMENT '주문 예약 픽업 시간',
  `o_cnt` int NOT NULL DEFAULT '1' COMMENT '제품 갯수',
  PRIMARY KEY (`o_no`),
  KEY `u_no` (`u_no`),
  KEY `p_no` (`p_no`),
  CONSTRAINT `orders_ibfk_1` FOREIGN KEY (`u_no`) REFERENCES `users` (`u_no`),
  CONSTRAINT `orders_ibfk_2` FOREIGN KEY (`p_no`) REFERENCES `products` (`p_no`)
) ENGINE=InnoDB AUTO_INCREMENT=132 DEFAULT CHARSET=utf8mb4 COLLATE=utf8mb4_0900_ai_ci COMMENT='주문 예약';
/*!40101 SET character_set_client = @saved_cs_client */;

--
-- Dumping data for table `orders`
--

LOCK TABLES `orders` WRITE;
/*!40000 ALTER TABLE `orders` DISABLE KEYS */;
INSERT INTO `orders` VALUES (1,5,3,'2023-05-06 08:44:57','2023-05-12 08:44:57',2),(2,4,58,'2023-05-07 05:15:43','2023-05-08 05:15:43',1),(3,4,59,'2023-05-07 05:15:43','2023-05-08 05:15:43',1),(4,4,60,'2023-05-07 05:15:43','2023-05-08 05:15:43',1),(5,4,79,'2023-05-07 05:16:17','2023-05-08 05:16:17',2),(6,3,73,'2023-05-07 08:52:47','2023-05-09 08:52:47',2),(7,3,74,'2023-05-07 08:52:47','2023-05-09 08:52:47',2),(8,3,75,'2023-05-07 08:52:47','2023-05-09 08:52:47',2),(9,5,4,'2023-05-07 08:55:17','2023-05-08 08:55:17',4),(10,5,6,'2023-05-07 08:55:17','2023-05-08 08:55:17',2),(11,5,22,'2023-05-07 08:57:04','2023-05-08 08:57:04',3),(12,5,55,'2023-05-07 08:58:51','2023-05-08 08:58:51',2),(13,5,55,'2023-05-07 08:58:53','2023-05-08 08:58:53',2),(14,5,5,'2023-05-07 08:59:37','2023-05-08 08:59:37',4),(15,5,94,'2023-05-07 09:00:40','2023-05-12 09:00:40',3),(17,5,122,'2023-05-07 09:01:24','2023-05-14 09:01:24',1),(18,3,106,'2023-05-07 09:07:50','2023-05-08 09:07:50',2),(19,3,107,'2023-05-07 09:07:50','2023-05-08 09:07:50',2),(20,3,108,'2023-05-07 09:07:50','2023-05-08 09:07:50',2),(21,3,19,'2023-05-07 09:20:13','2023-05-08 09:20:13',2),(22,3,20,'2023-05-07 09:20:13','2023-05-08 09:20:13',2),(23,3,21,'2023-05-07 09:20:13','2023-05-08 09:20:13',2),(24,3,121,'2023-05-07 09:20:38','2023-05-08 09:20:38',2),(25,3,122,'2023-05-07 09:20:38','2023-05-08 09:20:38',2),(26,3,123,'2023-05-07 09:20:38','2023-05-08 09:20:38',4),(27,3,61,'2023-05-07 10:32:03','2023-05-08 10:32:03',1),(28,3,62,'2023-05-07 10:32:03','2023-05-08 10:32:03',1),(29,3,63,'2023-05-07 10:32:03','2023-05-08 10:32:03',1),(30,5,31,'2023-05-08 00:47:53','2023-05-13 00:47:53',5),(31,5,57,'2023-05-08 00:48:02','2023-05-09 00:48:02',3),(32,19,55,'2023-05-08 00:50:40','2023-05-09 00:50:40',1),(33,19,56,'2023-05-08 00:50:40','2023-05-09 00:50:40',3),(34,4,76,'2023-05-08 02:18:37','2023-05-09 02:18:37',1),(35,4,77,'2023-05-08 02:18:37','2023-05-09 02:18:37',1),(36,4,78,'2023-05-08 02:18:37','2023-05-09 02:18:37',1),(37,1,58,'2023-05-08 07:14:47','2023-05-09 07:14:47',2),(38,1,60,'2023-05-08 07:14:47','2023-05-09 07:14:47',1),(39,3,43,'2023-05-08 09:02:18','2023-05-09 09:02:18',1),(40,3,44,'2023-05-08 09:02:18','2023-05-09 09:02:18',1),(41,3,45,'2023-05-08 09:02:18','2023-05-09 09:02:18',1),(42,2,118,'2023-05-08 10:23:36','2023-05-09 10:23:36',1),(43,2,119,'2023-05-08 10:23:36','2023-05-09 10:23:36',2),(44,2,120,'2023-05-08 10:23:36','2023-05-09 10:23:36',1),(45,15,136,'2023-05-10 01:04:16','2023-05-16 01:04:16',1),(46,15,137,'2023-05-10 01:04:16','2023-05-16 01:04:16',2),(47,15,151,'2023-05-10 01:11:37','2023-05-11 01:11:37',5),(48,15,152,'2023-05-10 01:11:37','2023-05-11 01:11:37',5),(49,15,153,'2023-05-10 01:11:37','2023-05-11 01:11:37',1),(50,15,119,'2023-05-10 01:12:08','2023-05-11 01:12:08',10),(51,4,157,'2023-05-10 08:04:25','2023-05-14 08:04:25',2),(52,4,158,'2023-05-10 08:04:25','2023-05-14 08:04:25',3),(53,4,159,'2023-05-10 08:04:25','2023-05-14 08:04:25',1),(54,15,109,'2023-05-10 08:18:08','2023-05-11 08:18:08',5),(55,15,161,'2023-05-10 08:18:38','2023-05-11 08:18:38',3),(56,15,162,'2023-05-10 08:18:38','2023-05-11 08:18:38',3),(57,15,13,'2023-05-10 08:18:55','2023-05-17 08:18:55',2),(58,15,14,'2023-05-10 08:18:55','2023-05-17 08:18:55',1),(59,15,15,'2023-05-10 08:18:55','2023-05-17 08:18:55',3),(60,19,46,'2023-05-10 08:19:32','2023-05-12 08:19:32',2),(61,19,47,'2023-05-10 08:19:32','2023-05-12 08:19:32',1),(62,19,133,'2023-05-10 08:19:46','2023-05-15 08:19:46',3),(64,19,135,'2023-05-10 08:19:46','2023-05-15 08:19:46',4),(65,19,103,'2023-05-10 08:20:01','2023-05-12 08:20:01',2),(66,19,104,'2023-05-10 08:20:01','2023-05-12 08:20:01',1),(67,19,105,'2023-05-10 08:20:01','2023-05-12 08:20:01',1),(68,19,98,'2023-05-10 08:20:35','2023-05-14 08:20:35',3),(69,19,99,'2023-05-10 08:20:35','2023-05-14 08:20:35',2),(70,20,143,'2023-05-10 08:23:33','2023-05-12 08:23:33',1),(71,20,144,'2023-05-10 08:23:33','2023-05-12 08:23:33',2),(72,20,79,'2023-05-10 08:23:47','2023-05-15 08:23:47',2),(73,20,80,'2023-05-10 08:23:47','2023-05-15 08:23:47',1),(74,20,81,'2023-05-10 08:23:47','2023-05-15 08:23:47',1),(75,20,43,'2023-05-10 08:24:03','2023-05-17 08:24:03',1),(76,20,44,'2023-05-10 08:24:03','2023-05-17 08:24:03',3),(77,20,45,'2023-05-10 08:24:03','2023-05-17 08:24:03',1),(78,20,62,'2023-05-10 08:24:16','2023-05-12 08:24:16',1),(79,20,67,'2023-05-10 08:24:28','2023-05-12 08:24:28',2),(80,20,68,'2023-05-10 08:24:28','2023-05-12 08:24:28',2),(81,20,69,'2023-05-10 08:24:28','2023-05-12 08:24:28',2),(82,20,92,'2023-05-10 08:24:49','2023-05-13 08:24:49',2),(83,20,93,'2023-05-10 08:24:49','2023-05-13 08:24:49',2),(84,21,10,'2023-05-10 08:25:29','2023-05-12 08:25:29',1),(85,21,11,'2023-05-10 08:25:29','2023-05-12 08:25:29',2),(86,21,17,'2023-05-10 08:25:39','2023-05-14 08:25:39',1),(87,21,18,'2023-05-10 08:25:39','2023-05-14 08:25:39',2),(88,21,1,'2023-05-10 08:25:50','2023-05-13 08:25:50',1),(89,21,2,'2023-05-10 08:25:50','2023-05-13 08:25:50',1),(90,21,3,'2023-05-10 08:25:50','2023-05-13 08:25:50',2),(91,21,58,'2023-05-10 08:26:01','2023-05-15 08:26:01',1),(92,21,59,'2023-05-10 08:26:01','2023-05-15 08:26:01',1),(93,21,60,'2023-05-10 08:26:01','2023-05-15 08:26:01',1),(94,21,40,'2023-05-10 08:26:17','2023-05-16 08:26:17',1),(95,21,41,'2023-05-10 08:26:17','2023-05-16 08:26:17',2),(96,21,42,'2023-05-10 08:26:17','2023-05-16 08:26:17',5),(97,22,19,'2023-05-10 08:26:55','2023-05-12 08:26:55',3),(98,22,20,'2023-05-10 08:26:55','2023-05-12 08:26:55',2),(99,22,21,'2023-05-10 08:26:55','2023-05-12 08:26:55',2),(100,22,31,'2023-05-10 08:27:14','2023-05-13 08:27:14',1),(101,22,32,'2023-05-10 08:27:14','2023-05-13 08:27:14',1),(102,22,33,'2023-05-10 08:27:14','2023-05-13 08:27:14',2),(103,22,112,'2023-05-10 08:27:29','2023-05-14 08:27:29',2),(104,22,113,'2023-05-10 08:27:29','2023-05-14 08:27:29',1),(105,22,114,'2023-05-10 08:27:29','2023-05-14 08:27:29',1),(106,22,127,'2023-05-10 08:27:43','2023-05-15 08:27:43',1),(107,22,128,'2023-05-10 08:27:43','2023-05-15 08:27:43',1),(108,22,129,'2023-05-10 08:27:43','2023-05-15 08:27:43',2),(109,22,136,'2023-05-10 08:27:54','2023-05-16 08:27:54',2),(110,22,137,'2023-05-10 08:27:54','2023-05-16 08:27:54',1),(111,22,138,'2023-05-10 08:27:54','2023-05-16 08:27:54',1),(112,22,157,'2023-05-10 08:28:10','2023-05-17 08:28:10',2),(113,22,158,'2023-05-10 08:28:10','2023-05-17 08:28:10',2),(114,22,159,'2023-05-10 08:28:10','2023-05-17 08:28:10',3),(115,1,95,'2023-05-11 08:56:23','2023-05-12 08:56:23',16),(116,3,1,'2023-05-11 12:49:53','2023-05-12 12:49:53',2),(117,3,2,'2023-05-11 12:49:53','2023-05-12 12:49:53',2),(118,3,3,'2023-05-11 12:49:53','2023-05-12 12:49:53',5),(119,19,1,'2023-05-11 12:50:40','2023-05-12 12:50:40',2),(120,19,2,'2023-05-11 12:50:40','2023-05-12 12:50:40',2),(121,19,3,'2023-05-11 12:50:40','2023-05-12 12:50:40',5),(122,19,1,'2023-05-11 12:50:55','2023-05-12 12:50:55',2),(123,19,2,'2023-05-11 12:50:55','2023-05-12 12:50:55',2),(124,19,3,'2023-05-11 12:50:55','2023-05-12 12:50:55',5),(125,19,1,'2023-05-11 12:51:04','2023-05-18 12:51:05',2),(126,19,2,'2023-05-11 12:51:05','2023-05-18 12:51:05',2),(127,19,3,'2023-05-11 12:51:05','2023-05-18 12:51:05',5),(128,8,25,'2023-05-12 03:15:31','2023-05-15 03:15:31',1),(129,8,26,'2023-05-12 03:15:31','2023-05-15 03:15:31',2),(131,2,86,'2023-05-16 07:28:28','2023-05-17 07:28:28',5);
/*!40000 ALTER TABLE `orders` ENABLE KEYS */;
UNLOCK TABLES;

--
-- Table structure for table `products`
--

DROP TABLE IF EXISTS `products`;
/*!40101 SET @saved_cs_client     = @@character_set_client */;
/*!50503 SET character_set_client = utf8mb4 */;
CREATE TABLE `products` (
  `p_no` int NOT NULL AUTO_INCREMENT COMMENT '제품 번호',
  `p_name` varchar(10) CHARACTER SET utf8mb4 COLLATE utf8mb4_0900_ai_ci NOT NULL COMMENT '제품 이름',
  `p_price` int NOT NULL COMMENT '제품 가격',
  `p_desc` text CHARACTER SET utf8mb4 COLLATE utf8mb4_0900_ai_ci NOT NULL COMMENT '제품 설명',
  `s_no` int NOT NULL COMMENT '가게 번호',
  `p_img` varchar(100) CHARACTER SET utf8mb4 COLLATE utf8mb4_0900_ai_ci DEFAULT NULL COMMENT '제품 이미지',
  PRIMARY KEY (`p_no`),
  KEY `s_no` (`s_no`),
  CONSTRAINT `products_ibfk_1` FOREIGN KEY (`s_no`) REFERENCES `stores` (`s_no`) ON DELETE CASCADE ON UPDATE CASCADE
) ENGINE=InnoDB AUTO_INCREMENT=165 DEFAULT CHARSET=utf8mb4 COLLATE=utf8mb4_0900_ai_ci COMMENT='제품';
/*!40101 SET character_set_client = @saved_cs_client */;

--
-- Dumping data for table `products`
--

LOCK TABLES `products` WRITE;
/*!40000 ALTER TABLE `products` DISABLE KEYS */;
INSERT INTO `products` VALUES (1,'공주밤파이',4900,'고소하고 은은한 빵',1,'p_img_001.jpg'),(2,'갈레트부르통',3800,'고소하고 은은한 빵',1,'p_img_002.jpg'),(3,'폼포네트',4300,'고소하고 은은한 빵',1,'p_img_003.jpg'),(4,'프리첼버터베이글',4700,'고소하고 은은한 빵',2,'p_img_004.jpg'),(5,'올리브베이글',4300,'고소하고 은은한 빵',2,'p_img_005.jpg'),(6,'먹물베이글',4700,'고소하고 은은한 빵',2,'p_img_006.jpg'),(7,'초코바나나케익',4900,'고소하고 은은한 빵',3,'p_img_007.jpg'),(8,'통호밀통호두식빵',3800,'고소하고 은은한 빵',3,'p_img_008.jpg'),(9,'사라다빵',4300,'고소하고 은은한 빵',3,'p_img_009.jpg'),(10,'스마일케이크',30000,'고소하고 은은한 빵',4,'p_img_010.jpg'),(11,'곰돌이케이크',35000,'고소하고 은은한 빵',4,'p_img_011.jpg'),(12,'스트로베리크림도넛',4800,'고소하고 은은한 빵',4,'p_img_012.jpg'),(13,'어니언프레즐베이글',4900,'고소하고 은은한 빵',5,'p_img_013.jpg'),(14,'다크초콜렛베이글',3800,'고소하고 은은한 빵',5,'p_img_014.jpg'),(15,'포테이토치즈베이글',4300,'고소하고 은은한 빵',5,'p_img_015.jpg'),(16,'모나카',4700,'고소하고 은은한 빵',6,'p_img_016.jpg'),(17,'콘브래드',4300,'고소하고 은은한 빵',6,'p_img_017.jpg'),(18,'단팥빵',4700,'고소하고 은은한 빵',6,'p_img_018.jpg'),(19,'까눌레',3200,'고소하고 은은한 빵',37,'p_img_019.jpg'),(20,'휘낭시에',3000,'고소하고 은은한 빵',37,'p_img_020.jpg'),(21,'초코휘낭시에',2800,'고소하고 은은한 빵',37,'p_img_021.jpg'),(22,'크림도넛',3500,'고소하고 은은한 빵',38,'p_img_022.jpg'),(23,'소금빵',3300,'고소하고 은은한 빵',38,'p_img_023.jpg'),(24,'크랜베리 크림치즈',5000,'고소하고 은은한 빵',38,'p_img_024.jpg'),(25,'호두찰빵',4700,'고소하고 은은한 빵',39,'p_img_025.jpg'),(26,'녹차크림도넛',3800,'고소하고 은은한 빵',39,'p_img_026.jpg'),(27,'피칸파이',28000,'고소하고 은은한 빵',39,'p_img_027.jpg'),(28,'버터베이글',4700,'고소하고 은은한 빵',19,'p_img_028.jpg'),(29,'호두빵',3900,'고소하고 은은한 빵',19,'p_img_029.jpg'),(30,'슈톨렌',3500,'고소하고 은은한 빵',19,'p_img_030.jpg'),(31,'몽블랑',4900,'고소하고 은은한 빵',20,'p_img_031.jpg'),(32,'갈릭버터식빵',4800,'고소하고 은은한 빵',20,'p_img_032.jpg'),(33,'육쪽마늘빵',4200,'고소하고 은은한 빵',20,'p_img_033.jpg'),(34,'버터소금빵',2500,'고소하고 은은한 빵',21,'p_img_034.jpg'),(35,'크로와상',2300,'고소하고 은은한 빵',21,'p_img_035.jpg'),(36,'밤식빵',4700,'고소하고 은은한 빵',21,'p_img_036.jpg'),(37,'까눌레',3200,'고소하고 은은한 빵',22,'p_img_037.jpg'),(38,'휘낭시에',3000,'고소하고 은은한 빵',22,'p_img_038.jpg'),(39,'초코휘낭시에',2800,'고소하고 은은한 빵',22,'p_img_039.jpg'),(40,'크림도넛',3500,'고소하고 은은한 빵',23,'p_img_040.jpg'),(41,'소금빵',3300,'고소하고 은은한 빵',23,'p_img_041.jpg'),(42,'크랜베리 크림치즈',5000,'고소하고 은은한 빵',23,'p_img_042.jpg'),(43,'호두찰빵',4700,'고소하고 은은한 빵',24,'p_img_043.jpg'),(44,'녹차크림도넛',3800,'고소하고 은은한 빵',24,'p_img_044.jpg'),(45,'피칸파이',28000,'고소하고 은은한 빵',24,'p_img_045.jpg'),(46,'버터베이글',4700,'고소하고 은은한 빵',40,'p_img_046.jpg'),(47,'호두빵',3900,'고소하고 은은한 빵',40,'p_img_047.jpg'),(48,'슈톨렌',3500,'고소하고 은은한 빵',40,'p_img_048.jpg'),(49,'몽블랑',4900,'고소하고 은은한 빵',41,'p_img_049.jpg'),(50,'갈릭버터식빵',4800,'고소하고 은은한 빵',41,'p_img_050.jpg'),(51,'육쪽마늘빵',4200,'고소하고 은은한 빵',41,'p_img_051.jpg'),(52,'버터소금빵',2500,'고소하고 은은한 빵',42,'p_img_052.jpg'),(53,'크로와상',2300,'고소하고 은은한 빵',42,'p_img_053.jpg'),(54,'밤식빵',4700,'고소하고 은은한 빵',42,'p_img_054.jpg'),(55,'통옥수수빵',2300,'고소하고 은은한 빵',13,'p_img_055.jpg'),(56,'먹물통옥수수빵',2500,'고소하고 은은한 빵',13,'p_img_056.jpg'),(57,'야채고로케',2400,'고소하고 은은한 빵',13,'p_img_057.jpg'),(58,'콩떡콩떡',2800,'고소하고 은은한 빵',14,'p_img_058.jpg'),(59,'생크림단팥빵',2900,'고소하고 은은한 빵',14,'p_img_059.jpg'),(60,'원조단팥빵',2500,'고소하고 은은한 빵',14,'p_img_060.jpg'),(61,'말차크로와상',2300,'고소하고 은은한 빵',15,'p_img_061.jpg'),(62,'휘낭시에',2400,'고소하고 은은한 빵',15,'p_img_062.jpg'),(63,'딸기크로와상',2300,'고소하고 은은한 빵',15,'p_img_063.jpg'),(64,'레인보우베이글',3800,'고소하고 은은한 빵',16,'p_img_064.jpg'),(65,'레인보우베이글',3600,'고소하고 은은한 빵',16,'p_img_065.jpg'),(66,'플레인베이글',3500,'고소하고 은은한 빵',16,'p_img_066.jpg'),(67,'치즈바나나롤',12900,'고소하고 은은한 빵',17,'p_img_067.jpg'),(68,'쿠퍼롤',13900,'고소하고 은은한 빵',17,'p_img_068.jpg'),(69,'무지개롤',13500,'고소하고 은은한 빵!',17,'p_img_069.jpg'),(70,'수박베이글',3200,'고소하고 은은한 빵',18,'p_img_070.jpg'),(71,'체리베이글',2900,'고소하고 은은한 빵',18,'p_img_071.jpg'),(72,'딸기베이글',3300,'고소하고 은은한 빵',18,'p_img_072.jpg'),(73,'명란바게뜨',4900,'고소하고 은은한 빵',7,'p_img_073.jpg'),(74,'크림치즈데니쉬',4700,'고소하고 은은한 빵',7,'p_img_074.jpg'),(75,'폰데게이조',4500,'고소하고 은은한 빵',7,'p_img_075.jpg'),(76,'파이만쥬',2500,'고소하고 은은한 빵',8,'p_img_076.jpg'),(77,'사라다빵',2800,'고소하고 은은한 빵',8,'p_img_077.jpg'),(78,'치퐁듀',1800,'고소하고 은은한 빵',8,'p_img_078.jpg'),(79,'비스킷',2500,'고소하고 은은한 빵',9,'p_img_079.jpg'),(80,'소보루',2600,'고소하고 은은한 빵',9,'p_img_080.jpg'),(81,'휘낭시에',2300,'고소하고 은은한 빵',9,'p_img_081.jpg'),(82,'까눌레',3200,'고소하고 은은한 빵',10,'p_img_082.jpg'),(83,'휘낭시에',3000,'고소하고 은은한 빵',10,'p_img_083.jpg'),(84,'초코휘낭시에',2800,'고소하고 은은한 빵',10,'p_img_084.jpg'),(85,'크림도넛',3500,'고소하고 은은한 빵',11,'p_img_085.jpg'),(86,'소금빵',3300,'고소하고 은은한 빵',11,'p_img_086.jpg'),(87,'크랜베리 크림치즈',5000,'고소하고 은은한 빵',11,'p_img_087.jpg'),(88,'호두찰빵',4700,'고소하고 은은한 빵',12,'p_img_088.jpg'),(89,'녹차크림도넛',3800,'고소하고 은은한 빵',12,'p_img_089.jpg'),(90,'피칸파이',28000,'고소하고 은은한 빵',12,'p_img_090.jpg'),(91,'버터베이글',4700,'고소하고 은은한 빵',34,'p_img_091.jpg'),(92,'호두빵',3900,'고소하고 은은한 빵',34,'p_img_092.jpg'),(93,'슈톨렌',3500,'고소하고 은은한 빵',34,'p_img_093.jpg'),(94,'몽블랑',4900,'고소하고 은은한 빵',35,'p_img_094.jpg'),(95,'갈릭버터식빵',4800,'고소하고 은은한 빵',35,'p_img_095.jpg'),(96,'육쪽마늘빵',4200,'고소하고 은은한 빵',35,'p_img_096.jpg'),(97,'버터소금빵',2500,'고소하고 은은한 빵',36,'p_img_097.jpg'),(98,'크로와상',2300,'고소하고 은은한 빵',36,'p_img_098.jpg'),(99,'밤식빵',4700,'고소하고 은은한 빵',36,'p_img_099.jpg'),(100,'까눌레',3200,'고소하고 은은한 빵',49,'p_img_100.jpg'),(101,'휘낭시에',3000,'고소하고 은은한 빵',49,'p_img_101.jpg'),(102,'초코휘낭시에',2800,'고소하고 은은한 빵',49,'p_img_102.jpg'),(103,'크림도넛',3500,'고소하고 은은한 빵',50,'p_img_103.jpg'),(104,'소금빵',3300,'고소하고 은은한 빵',50,'p_img_104.jpg'),(105,'크랜베리 크림치즈',5000,'고소하고 은은한 빵',50,'p_img_105.jpg'),(106,'호두찰빵',4700,'고소하고 은은한 빵',51,'p_img_106.jpg'),(107,'녹차크림도넛',3800,'고소하고 은은한 빵',51,'p_img_107.jpg'),(108,'피칸파이',28000,'고소하고 은은한 빵',51,'p_img_108.jpg'),(109,'버터베이글',4700,'고소하고 은은한 빵',43,'p_img_109.jpg'),(110,'호두빵',3900,'고소하고 은은한 빵',43,'p_img_110.jpg'),(111,'슈톨렌',3500,'고소하고 은은한 빵',43,'p_img_111.jpg'),(112,'몽블랑',4900,'고소하고 은은한 빵',44,'p_img_112.jpg'),(113,'갈릭버터식빵',4800,'고소하고 은은한 빵',44,'p_img_113.jpg'),(114,'육쪽마늘빵',4200,'고소하고 은은한 빵',44,'p_img_114.jpg'),(115,'버터소금빵',2500,'고소하고 은은한 빵',45,'p_img_115.jpg'),(116,'크로와상',2300,'고소하고 은은한 빵',45,'p_img_116.jpg'),(117,'밤식빵',4700,'고소하고 은은한 빵',45,'p_img_117.jpg'),(118,'까눌레',3200,'고소하고 은은한 빵',28,'p_img_118.jpg'),(119,'휘낭시에',3000,'고소하고 은은한 빵',28,'p_img_119.jpg'),(120,'초코휘낭시에',2800,'고소하고 은은한 빵',28,'p_img_120.jpg'),(121,'크림도넛',3500,'고소하고 은은한 빵',29,'p_img_121.jpg'),(122,'소금빵',3300,'고소하고 은은한 빵',29,'p_img_122.jpg'),(123,'크랜베리 크림치즈',5000,'고소하고 은은한 빵',29,'p_img_123.jpg'),(124,'호두찰빵',4700,'고소하고 은은한 빵',30,'p_img_124.jpg'),(125,'녹차크림도넛',3800,'고소하고 은은한 빵',30,'p_img_125.jpg'),(126,'피칸파이',28000,'고소하고 은은한 빵',30,'p_img_126.jpg'),(127,'버터베이글',4700,'고소하고 은은한 빵',46,'p_img_127.jpg'),(128,'호두빵',3900,'고소하고 은은한 빵',46,'p_img_128.jpg'),(129,'슈톨렌',3500,'고소하고 은은한 빵',46,'p_img_129.jpg'),(130,'몽블랑',4900,'고소하고 은은한 빵',47,'p_img_130.jpg'),(131,'갈릭버터식빵',4800,'고소하고 은은한 빵',47,'p_img_131.jpg'),(132,'육쪽마늘빵',4200,'고소하고 은은한 빵',47,'p_img_132.jpg'),(133,'버터소금빵',2500,'고소하고 은은한 빵',48,'p_img_133.jpg'),(134,'크로와상',2300,'고소하고 은은한 빵',48,'p_img_134.jpg'),(135,'밤식빵',4700,'고소하고 은은한 빵',48,'p_img_135.jpg'),(136,'까눌레',3200,'고소하고 은은한 빵',25,'p_img_136.jpg'),(137,'휘낭시에',3000,'고소하고 은은한 빵',25,'p_img_137.jpg'),(138,'초코휘낭시에',2800,'고소하고 은은한 빵',25,'p_img_138.jpg'),(139,'크림도넛',3500,'고소하고 은은한 빵',26,'p_img_139.jpg'),(140,'소금빵',3300,'고소하고 은은한 빵',26,'p_img_140.jpg'),(141,'크랜베리 크림치즈',5000,'고소하고 은은한 빵',26,'p_img_141.jpg'),(142,'호두찰빵',4700,'고소하고 은은한 빵',27,'p_img_142.jpg'),(143,'녹차크림도넛',3800,'고소하고 은은한 빵',27,'p_img_143.jpg'),(144,'피칸파이',28000,'고소하고 은은한 빵',27,'p_img_144.jpg'),(145,'버터베이글',4700,'고소하고 은은한 빵',52,'p_img_145.jpg'),(146,'호두빵',3900,'고소하고 은은한 빵',52,'p_img_146.jpg'),(147,'슈톨렌',3500,'고소하고 은은한 빵',52,'p_img_147.jpg'),(148,'몽블랑',4900,'고소하고 은은한 빵',53,'p_img_148.jpg'),(149,'갈릭버터식빵',4800,'고소하고 은은한 빵',53,'p_img_149.jpg'),(150,'육쪽마늘빵',4200,'고소하고 은은한 빵',53,'p_img_150.jpg'),(151,'버터소금빵',2500,'고소하고 은은한 빵',54,'p_img_151.jpg'),(152,'크로와상',2300,'고소하고 은은한 빵',54,'p_img_152.jpg'),(153,'밤식빵',4700,'고소하고 은은한 빵',54,'p_img_153.jpg'),(154,'휘낭시에',3000,'고소하고 은은한 빵',31,'p_img_154.jpg'),(155,'초코휘낭시에',2800,'고소하고 은은한 빵',31,'p_img_155.jpg'),(156,'크림도넛',3500,'고소하고 은은한 빵',31,'p_img_156.jpg'),(157,'소금빵',3300,'고소하고 은은한 빵',32,'p_img_157.jpg'),(158,'크랜베리 크림치즈',5000,'고소하고 은은한 빵',32,'p_img_158.jpg'),(159,'호두찰빵',4700,'고소하고 은은한 빵',32,'p_img_159.jpg'),(160,'녹차크림도넛',3800,'고소하고 은은한 빵',33,'p_img_160.jpg'),(161,'피칸파이',28000,'고소하고 은은한 빵',33,'p_img_161.jpg'),(162,'버터베이글 2222',4700,'고소하고 은은한 빵 ggggg',33,'aaaa1683861834755.jpeg');
/*!40000 ALTER TABLE `products` ENABLE KEYS */;
UNLOCK TABLES;

--
-- Table structure for table `regions`
--

DROP TABLE IF EXISTS `regions`;
/*!40101 SET @saved_cs_client     = @@character_set_client */;
/*!50503 SET character_set_client = utf8mb4 */;
CREATE TABLE `regions` (
  `r_no` int NOT NULL COMMENT '지역 번호',
  `r_name` varchar(5) CHARACTER SET utf8mb4 COLLATE utf8mb4_0900_ai_ci NOT NULL COMMENT '지역 이름',
  PRIMARY KEY (`r_no`)
) ENGINE=InnoDB DEFAULT CHARSET=utf8mb4 COLLATE=utf8mb4_0900_ai_ci COMMENT='지역';
/*!40101 SET character_set_client = @saved_cs_client */;

--
-- Dumping data for table `regions`
--

LOCK TABLES `regions` WRITE;
/*!40000 ALTER TABLE `regions` DISABLE KEYS */;
INSERT INTO `regions` VALUES (1,'서울'),(2,'경기'),(3,'인천'),(4,'강원'),(5,'대구'),(6,'부산'),(7,'울산'),(8,'경상'),(9,'충청'),(10,'대전'),(11,'전라'),(12,'광주'),(13,'제주'),(14,'세종');
/*!40000 ALTER TABLE `regions` ENABLE KEYS */;
UNLOCK TABLES;

--
-- Table structure for table `stores`
--

DROP TABLE IF EXISTS `stores`;
/*!40101 SET @saved_cs_client     = @@character_set_client */;
/*!50503 SET character_set_client = utf8mb4 */;
CREATE TABLE `stores` (
  `s_no` int NOT NULL AUTO_INCREMENT COMMENT '가게 번호',
  `s_name` varchar(20) CHARACTER SET utf8mb4 COLLATE utf8mb4_0900_ai_ci NOT NULL COMMENT '가게 이름',
  `r_no` int NOT NULL COMMENT '지역 번호',
  `s_desc` text CHARACTER SET utf8mb4 COLLATE utf8mb4_0900_ai_ci NOT NULL COMMENT '가게 설명',
  `s_addr` varchar(100) CHARACTER SET utf8mb4 COLLATE utf8mb4_0900_ai_ci NOT NULL COMMENT '가게 주소',
  `s_tel` varchar(14) CHARACTER SET utf8mb4 COLLATE utf8mb4_0900_ai_ci NOT NULL COMMENT '가게 전화번호',
  `s_img` varchar(100) CHARACTER SET utf8mb4 COLLATE utf8mb4_0900_ai_ci DEFAULT NULL COMMENT '가게 이미지',
  PRIMARY KEY (`s_no`),
  KEY `r_no` (`r_no`),
  CONSTRAINT `stores_ibfk_1` FOREIGN KEY (`r_no`) REFERENCES `regions` (`r_no`) ON DELETE CASCADE ON UPDATE CASCADE
) ENGINE=InnoDB AUTO_INCREMENT=56 DEFAULT CHARSET=utf8mb4 COLLATE=utf8mb4_0900_ai_ci COMMENT='가게';
/*!40101 SET character_set_client = @saved_cs_client */;

--
-- Dumping data for table `stores`
--

LOCK TABLES `stores` WRITE;
/*!40000 ALTER TABLE `stores` DISABLE KEYS */;
INSERT INTO `stores` VALUES (1,'리치몬드과자점',1,'마포구 성산동의 제과점. 슈크림과 밤식빵 등이 유명하다. 강남의 김영모과자점, 성북의 나폴레옹과자점과 함께 서울특별시의 3대 빵집 중 하나','서울특별시 마포구 월드컵북로 86','02-325-0221','s_img_001.jpg'),(2,'김영모과자점',1,'한국 제과제빵계의 전설적인 빵집. 마포의 리치몬드과자점, 성북의 나폴레옹과자점과 함께 서울 3대 빵집 중 하나. 최근에는 맘모스빵, 단팥빵으로 유명한 관악구 쟝블랑제리와 더불어 서울특별시 3대 빵집들 중에서 가장 잘 나가는 듯','서울특별시 서초구 서초대로64길 41-4','02-2055-1983','s_img_002.jpg'),(3,'나폴레옹과자점',1,'한국 초창기 제과점 중 하나로, 강남의 김영모과자점, 마포의 리치몬드과자점과 함께 전통의 서울 3대 빵집','서울시 성북구 성북로 7','02-741-7421','s_img_003.jpg'),(4,'쟝블랑제리',1,'과거 청와대에 빵을 납품했던 빵집으로도 유명한 빵집으로 10여년 넘게 서울대 후문에서 영업을 하고 있는 오래된 제과점입니다. 매장의 외관과 내부는 모두 화이트&옐로우 색의 조화를 사용하여 세련되면서도 프레쉬한 느낌을 줍니다. 이 곳의 대표 메뉴인 ‘맘모스빵’은 소보로빵 사이에 생크림, 팥, 밤을 넣어 달콤함을 더한 빵으로 번호표를 받고 기다려야 살 수 있을 정도로 인기가 상당합니다. 이 외에도 꾸준한 사랑을 받고 있는 \'단팥빵\'과 브라우니 느낌의 꾸덕한 \'초코 범벅\', 그리고 크림이 푸짐하게 들어간 \'생크림 팥빵\' 역시 인기 메뉴입니다. 일부 인기 상품은 선물세트로도 판매되고 있으며 단팥빵, 맘모스쥬니어, 팥소보로는 전화나 카카오톡을 통해 택배 주문도 가능하니 참고하면 좋겠습니다.','서울 관악구 낙성대역길 8','02-889-5170','s_img_004.jpg'),(5,'마더린러 베이글',1,'장모님이 만드신 베이글 [MOTHER-IN-LAW BAGEL] [마더린러 베이글]은 미국 뉴욕에서 13년동안 장모님이 운영하셨던 유태인 정통 베이글 가게로 유명한 [Bagel Time]의 2호점 매장이다. 이곳의 베이글은 끓는 물에 살짝 데친 후 전기오븐이 아닌 자체적으로 개발한 화덕오븐에서 구어져 나오는데, 이는 유태인들조차 고수하기 힘겨운 생산 방식이라고 한다. 무엇보다 베이킹 파우더, 베이킹 소다, 마가린, 쇼트닝이 들어가지 않아서 다른 빵과는 다르게 더부룩함 없이 소화가 잘 된다는 점이 특징이다. 국내 최초로 겉은 크리스피하면서 속은 촉촉한 Original Jewish 베이글을 생산한다는 자부심과 함께 아직은 국내에 생소한 베이글 샌드위치 문화를 정착시키는데 있어서 선두주자가 되고자 하는 장인의 의지가 느껴지는 곳이다.','서울특별시 서대문구 이화여대5길 5','070-7758-3030','s_img_005.jpg'),(6,'태극당',1,'태극당은 1945년 광복 이후 일본인이 두고 간 제빵 기구를 받아 신창근이 1946년 ‘태극당’이라는 이름으로 명동에서 개업한 빵집이다. 1973년 태극당은 명동에서 현재의 장충동으로 가게를 이전하였다. 현재의 건물은 1974년 건축한 것이다. 1999년 신창근의 아들인 신광열이 가게를 이었고, 2011년부터 신광열의 자녀들인 신경철, 신혜명, 신혜종이 태극당 경영을 이어가고 있다. 태극당은 변화보다 보전을 택했고, 태극당의 새로운 미래를 만들어가고 있다.','서울특별시 중구 동호로24길 7','02-2279-3152','s_img_006.jpg'),(7,'옵스베이커리',6,'먹는 즐거움을 널리 알려 나가는 옵스입니다.','부산광역시 수영구 황령대로489번길 37','051-625-4300','s_img_025.jpg'),(8,'비엔씨제과',6,'40년 전통의 부산 대표 체인 베이커리','부산광역시 중구 광복로39번길 6','051-260-5201','s_img_026.jpg'),(9,'희와제과',6,'부산 전포동에 위치한 정성 가득한 빵집. 이미 동네뿐만 아니라 SNS에서 유명한 곳으로 담백한 빵과 달달하며 고소한 팥을 맛볼 수 있는 곳입니다. 부드러운 버터와 팥의 조화가 맛있는 \'앙소보루\'와 두툼한 소보로빵에 달달한 팥과 크림이 잔뜩 들어간 \'맘모스\'가 인기 메뉴. 인기 빵은 오픈 시 매진하며 대부분의 빵들이 빠른 시간 내에 재고 소진하므로 오픈 시간에 맞춰 방문할 것을 추천합니다.','부산광역시 부산진구 전포대로246번길 6','051-911-3603','s_img_027.jpg'),(10,'겐츠베이커리',6,'2002년 7월 19일, 새벽 6시 겐츠베이커리 오븐에 처음 불이 켜졌습니다.  2023년 오늘날 늘 새로운 아침을 맞이하며, 고객을 섬기는 마음으로 가족을 생각하는 마음으로 10개의 지점은 오늘도 맛있는 꿈을 꾸며 고객에게 다가갑니다.  지난 20여년간 겐츠베이커리와 .고객님들이 쌓아온 많은 추억과 달콤한 기억과 함께, 앞으로의 또다른 20년을 향해서 나아가겠습니다','부산광역시 남구 분포로 111','051-612-2040','s_img_028.jpg'),(11,'오븐의온도',6,'고소한 쿠키와 달콤한 후딩이 인기 잇는 구움 과자 전문 디저트 가게','부산광역시 부산진구 서전로38번길 43-13','0507-1348-5179','s_img_029.jpg'),(12,'럭키베이커리',6,'조용한 시장 한구석에 위치한 사워도우 전문 베이커리입니다. 유기농 사워도우빵과 샌드위치, 디저트와 함께 사워도우빵에 어울리는 먹거리를 정성껏 준비합니다','부산광역시 수영구 무학로49번길 71','070-4148-0707','s_img_030.jpg'),(13,'삼송빵집',5,'1957년 대구에서 영업을 시작한 삼송빵집은 3대를 이어 대구를 대표하는 추억의 빵집으로 아직도 많은 소비자들의 사랑을 받고 있습니다. 대한민국에서 반세기 역사를 자랑하며 맛있는 빵! 건강한 빵! 역사가 있는 빵!을 만들자는 기본 이념을 가지고 옛맛을 그대로 이어온 빵집입니다. 앞으로도 많은 관심부탁드립니다.','대구광역시 중구 중앙대로 397','053-254-4064','s_img_019.jpg'),(14,'근대골목단팥빵',5,'어린시절 옛 추억의 단팥빵 맛. 20년 노하우의 기능장이 그 맛을 제공하고 10대부터 80대까지 남녀노소 모두 즐길 수 있는 단팥빵을 제공하는 대구 대표 빵. 근대골목단팥빵입니다.','대구광역시 중구 7-1','053-423-1883','s_img_020.jpg'),(15,'레이지모닝',5,'베이커리, 커피 그리고 간단한 식사류를 판매합니다. 화요일 - 일요일 : 오전 11시 - 오후 9시 휴무 : 매주 월요일은 쉬어 갑니다','대구광역시 중구 포정동 경상감영길 144','010-5315-1789','s_img_021.jpg'),(16,'트룰리베이커',5,'대구 중구 봉산동에 위치한 베이글 카페 ‘트룰리베이커(Truly Baker)’ 는 갈수록 높아지는 베이글의 인기몰이 속에서도 단연 돋보이는 존재감을 보여주는 곳이다. 지난해 8월 첫 문을 연 뒤 불과 1년여 만에 대구를 대표하는 ‘핫플카페’ 로 자리매김한 트룰리베이커는 화덕에 구워내 겉은 바삭하고 속은 쫄깃한 뉴욕 정통방식의 베이글 제품과 보다 부드러운 식감의 플레인류 베이글, 다양한 야채와 속재료를 넣은 베이글 샌드위치, 커피나 주스, 밀크쉐이크 등의 각종 음료를 판매하고 있다. 그중에서도 트룰리베이커를 대표하는 시그니처 메뉴는 바로 ‘레인보우 베이글’ 이다. 컬러풀 한 색감의 베이글에 오독오독 씹는 재미가 있는 스프링클을 뿌려낸 레인보우 베이글은 본연의 고소한 맛과 함께 보는 즐거움까지 더해져 인기가 높다. 이외에도 바질 크림치즈, 땅콩버터 등 미국식 베이글을 즐길 수 있는 재료들까지 준비되어 있으며, 꼭 매장을 방문하지 않더라도 택배 주문을 통해 제품을 받아보는 것도 가능하다. 이렇게 배달된 베이글은 냉동실에 얼려 보관하다가 꺼내서 데워 먹어도 그 맛과 식감이 손색없이 유지되기에 최근에는 택배 주문의 수량도 크게 증가하고 있다고 한다. 아울러 유기농으로 생산된 좋은 재료들을 사용하고 있다는 점도 알려지며 트룰리베이커를 찾는 고객들은 갈수록 늘고 있다.','대구광역시 중구 성내1동 172-21','053-254-3378','s_img_022.jpg'),(17,'프렌치메이드',5,'하루 2번 시판되는 특별한 롤케잌이 있는 곳.','대구광역시 수성구 범어로20길 52','070-7358-7357','s_img_023.jpg'),(18,'땡스베이글',5,'12가지 크림치즈와 천연발효종/유기농 재료를 사용해 만든 수제베이글 ','대구광역시 중구 국채보상로 716','053-524-2592','s_img_024.jpg'),(19,'영종제빵소',3,'대한민국 제과 기능장을 받은 유명한 빵집','인천광역시 중구 해맞이길 7 영종제빵소','032-764-1114','s_img_010.jpg'),(20,'안스베이커리',3,'40년 넘게 빵을 만드는 대한민국 7호 제과명장 빵','인천광역시 남동구 인주대로 664','032-463-0045','s_img_011.jpg'),(21,'실리제롬',3,'프랑스빵이 주종이며, 특히 앙버터, 버터프레첼이 맛있다.','인천 부평구 길주로 623 대덕리치아노 110호','0507-1402-6505','s_img_012.jpg'),(22,'메종드크루아상',3,'패스츄리 매니아를 위한 크루아상 전문점','인천광역시 연수구 컨벤시아대로 130번길 58','032-859-0110','s_img_013.jpg'),(23,'쉐라메르제과점',3,'1991년에 문을 연 30년 전통의 부평 베이커리 ','인천 부평구 안남로222번길 30','032-523-0404','s_img_014.jpg'),(24,'샹끄발레르',3,'소금빵이 맛있기로 입소문 난 송도 베이커리','인천 연수구 컨벤시아대로130번길 14','0507-1410-2274','s_img_015.jpg'),(25,'광수빵집',12,'광주를 대표하는 베이커리 빵집1','광주 북구 용봉택지로 39 g플레이스 103호','062-511-0092','s_img_046.jpg'),(26,'베비에르과자점',12,'광주를 대표하는 베이커리 빵집2','광주 서구 풍암중앙로 37','062-682-0696','s_img_047.jpg'),(27,'양인제과',12,'광주를 대표하는 베이커리 빵집3','광주 남구 제중로47번길 1','062-651-8241','s_img_048.jpg'),(28,'성심당 본점',10,'대전을 대표하는 베이커리 빵집1','대전광역시 중구 대종로480번길 15','1588-8069','s_img_040.jpg'),(29,'꾸드뱅(대전)',10,'대전을 대표하는 베이커리 빵집2','대전 유성구 지족동로 146 106호 꾸드뱅베이커리','042-825-3033','s_img_041.jpg'),(30,'(주)캘리포니아베이커리카페',10,'대전을 대표하는 베이커리 빵집3','대전광역시 서구 둔산남로91번길 13','042-486-8871','s_img_042.jpg'),(31,'팡쇼과자점',14,'세종을 대표하는 베이커리 빵집1','세종특별자치시 노을3로 25','044-865-0402','s_img_052.jpg'),(32,'이한빵집',14,'세종을 대표하는 베이커리 빵집2','세종시 마음로 272-3 고운에듀프라자 102호','044-866-1391','s_img_053.jpg'),(33,'그랜드 제빵소',14,'세종을 대표하는 베이커리 빵집3','세종 금남면 용포로 119-55 1층~2층','044-715-5008','s_img_054.jpg'),(34,'파라안',7,'울산을 대표하는 베이커리 빵집1','울산 울주군 범서읍 백천1길 64','052-222-0005','s_img_031.jpg'),(35,'그리다빵 울산점',7,'울산을 대표하는 베이커리 빵집2','울산 남구 왕생로 64 1층','0507-1431-2791','s_img_032.jpg'),(36,'해월당 본점',7,'울산을 대표하는 베이커리 빵집3','울산 울주군 상북면 등억알프스로 245','052-264-3030','s_img_033.jpg'),(37,'칼리오페',2,'천연야자 당을 사용한 프리미엄 베이커리','경기 용인시 처인구 성산로170번길 23-1','031-321-0088','s_img_007.jpg'),(38,'버터풀앤크리멀러스',2,'유럽식 천연발효를 이용하여 빵을 만듭니다.','경기 성남시 분당구 판교역로146번길 20','031-5170-2506','s_img_008.jpg'),(39,'혜경궁베이커리',2,'도심과 가까운 곳에서 계절에 따라 변하는 한옥의 멋','경기 화성시 정남면 보통내길219번길 13-12','0507-1329-6995','s_img_009.jpg'),(40,'그림같은빵집',4,'옥산가 그림같은 빵집','강원 춘천시 동면 금옥길 239','033-256-7668','s_img_016.jpg'),(41,'만동제과',4,'강릉에서 마늘바게트로 입소문난 빵','강원 강릉시 금성로 6 1층 만동제과','0507-1317-6387','s_img_017.jpg'),(42,'빵공장 라뜰리에김',4,'낭만터지는 분위기에 압도 당하는 베이커리카페','강원 원주시 행구로 314','0507-1330-5679','s_img_018.jpg'),(43,'몽상가인',9,'충청도를 대표하는 베이커리 빵집1','충남 천안시 서북구 쌍용대로 85 몽상가인','041-572-1225','s_img_037.jpg'),(44,'타네베이커리',9,'충청도를 대표하는 베이커리 빵집2','충청남도 보령시 명천로4길 15 KR 107호','041-478-9876','s_img_038.jpg'),(45,'수제빵연구소',9,'충청도를 대표하는 베이커리 빵집3','충청북도 청주시 청원구 충청대로 233','043-212-1000','s_img_039.jpg'),(46,'풍년제과',11,'전라도를 대표하는 베이커리 빵집1','전라북도 전주시 완산구 팔달로 180','063-285-6666','s_img_043.jpg'),(47,'목월빵집',11,'전라도를 대표하는 베이커리 빵집2','전라남도 구례군 구례읍 서시천로 85','061-781-1477','s_img_044.jpg'),(48,'폴스베이커리',11,'전라도를 대표하는 베이커리 빵집3','전라북도 전주시 완산구 중앙동 전주객사1길 81','063-632-0933','s_img_045.jpg'),(49,'이재원 과자공방',8,'경상도를 대표하는 베이커리 빵집1','경상북도 경주시 중부동 봉황로 89','054-624-4124','s_img_034.jpg'),(50,'황남빵',8,'황남빵 또는 경주빵은 대한민국 경주의 빵','경상북도 경주시 태종로 783','054-749-7000','s_img_035.jpg'),(51,'한스드림베이커리',8,'포항을 대표하는 베이커리 빵집3','경상북도 포항시 북구 새천년대로1020번길 39','054-272-8896','s_img_036.jpg'),(52,'오드랑베이커리',13,'제주를 대표하는 베이커리 빵집1','제주특별자치도 제주시 조천읍 조함해안로 552-3','064-784-5404','s_img_049.jpg'),(53,'아라파파',13,'제주를 대표하는 베이커리 빵집2','제주특별자치도 제주시 연동 국기로3길 2','064-725-8204','s_img_050.jpg'),(54,'버터모닝',13,'제주를 대표하는 베이커리 빵집3','제주특별자치도 제주시 애월읍 하광로 279','064-712-0455','s_img_051.jpg'),(55,'리치몬',2,'ggggg','대구시 서구 내당동 ','01012342525','aaaa1683862079952.jpeg');
/*!40000 ALTER TABLE `stores` ENABLE KEYS */;
UNLOCK TABLES;

--
-- Table structure for table `users`
--

DROP TABLE IF EXISTS `users`;
/*!40101 SET @saved_cs_client     = @@character_set_client */;
/*!50503 SET character_set_client = utf8mb4 */;
CREATE TABLE `users` (
  `u_no` int NOT NULL AUTO_INCREMENT COMMENT '유저 번호',
  `u_id` varchar(10) CHARACTER SET utf8mb4 COLLATE utf8mb4_0900_ai_ci NOT NULL COMMENT '유저 아이디',
  `u_name` varchar(5) CHARACTER SET utf8mb4 COLLATE utf8mb4_0900_ai_ci NOT NULL COMMENT '유저 이름',
  `u_pwd` varchar(100) CHARACTER SET utf8mb4 COLLATE utf8mb4_0900_ai_ci NOT NULL COMMENT '유저 비밀번호',
  `u_tel` char(13) CHARACTER SET utf8mb4 COLLATE utf8mb4_0900_ai_ci NOT NULL COMMENT '유저 전화번호',
  `u_email` varchar(30) CHARACTER SET utf8mb4 COLLATE utf8mb4_0900_ai_ci NOT NULL COMMENT '유저 이메일',
  `u_grade` varchar(5) CHARACTER SET utf8mb4 COLLATE utf8mb4_0900_ai_ci NOT NULL DEFAULT '일반회원' COMMENT '유저 등급',
  `u_reg_dt` timestamp NOT NULL DEFAULT CURRENT_TIMESTAMP COMMENT '유저 가입시간',
  `u_mod_dt` timestamp NULL DEFAULT CURRENT_TIMESTAMP COMMENT '유저 수정시간',
  `u_done` tinyint NOT NULL DEFAULT '1' COMMENT '삭제여부(구현X)',
  PRIMARY KEY (`u_no`),
  UNIQUE KEY `u_id` (`u_id`),
  UNIQUE KEY `u_tel` (`u_tel`),
  UNIQUE KEY `u_email` (`u_email`)
) ENGINE=InnoDB AUTO_INCREMENT=27 DEFAULT CHARSET=utf8mb4 COLLATE=utf8mb4_0900_ai_ci COMMENT='유저(회원)';
/*!40101 SET character_set_client = @saved_cs_client */;

--
-- Dumping data for table `users`
--

LOCK TABLES `users` WRITE;
/*!40000 ALTER TABLE `users` DISABLE KEYS */;
INSERT INTO `users` VALUES (1,'admin7','관리자','$2b$12$4o8Tu6FqzxCh00WS9wIny.LgTeVc02pWAHFqimxf8QCuP4WSne61a','010-6666-9750','alxo9974@naver.com','관리자','2023-05-04 06:11:15',NULL,1),(2,'admin1','관리자','$2b$12$PUbyQK8e1q4LISvySWzSFOQoDiTncXFzSXJ7LmV8aOtHlByTRHHhC','010-8559-0769','ku0788@naver.com','관리자','2023-05-04 06:11:50',NULL,1),(3,'admin2','관리자','$2b$12$llsLnG33vzMDjvxurq5GX.l33IJR167ypJGl0FO0YNW9IBbLZZN0G','010-8888-9999','plan@choi.com','관리자','2023-05-04 06:12:57',NULL,1),(4,'mjl555','이민저이','$2b$12$SamPmgCzkMhurki.PbT0BeomAlX2jNfO3scdmg5VbQ5ft8JoeVRFG','010-5555-7777','mjl@mjl.com','일반회원','2023-05-04 06:17:42',NULL,1),(5,'hotdog','김철수','$2b$12$0ijt7hhhvd9ffaB1e7nLI.J0i3G4Pwy.mkGNNb3l0i1r8/amH7c8S','010-4577-0000','ku0798@naver.com','일반회원','2023-05-05 09:12:23',NULL,1),(6,'alxo9974','권미애','$2b$12$svcuYN42BHPc9HXkHVGK.OqTyGyPMTangUGbOVLrsA32ZO8JwQzO6','010-9797-8888','aldo9974@nate.com','일반회원','2023-05-08 00:18:10',NULL,1),(8,'qjawls12','고범진','$2b$12$N1Jzmc.2kK/HBtG0wb6Q9uFErHVD7pcA0J.ImvTTjFux16VnZUvoi','010-9797-9777','qjawls12@naver.com','일반회원','2023-05-08 00:18:49',NULL,1),(9,'rkdus12','윤가연','$2b$12$a4FJcjwHt7EqPz.JDqri5O2sSwn8Q2yXiydsHAqQ2j0nV0OE8wxfa','010-8877-7878','rkdus12@naver.com','일반회원','2023-05-08 00:19:42',NULL,1),(10,'dydtn12','권용수','$2b$12$La/S/p2jb88TtFd3ekr38eRzov1UfiLYDpI734sJnEoHzgrUb9ysi','010-6629-6868','dydtn12@naver.com','일반회원','2023-05-08 00:20:20',NULL,1),(12,'pig12','윤승찬','$2b$12$eWP/4Cbm/no2QfA1UAU7Ee4aY9WrHO944fzy4bW0r9X71Wa4EbOIC','010-9292-9282','yoons@naver.com','일반회원','2023-05-08 00:22:59',NULL,1),(13,'lovelychan','김창희','$2b$12$UOFrev56Rlz46/uNwyx0FurR19r.nGrSfNeeYaRpnHlHo0G09LQ..','010-6510-1656','lovelyChang59@naver.com','일반회원','2023-05-08 00:24:41',NULL,1),(15,'smpark','박소만','$2b$12$mfEKmMEWrEo2lgq/JD22TO.d6Iz.HowVP19IoazB4f.6XdPS3k0Pi','010-2345-6789','smp@smp.com','일반회원','2023-05-08 00:25:18',NULL,1),(18,'torycute','김도하','$2b$12$dd1U6J8VxqIizdo9HvXGaOFhcadABjbu1dCYj/coHIupr4ANL48cm','010-4577-0001','jjjef98@naver.com','일반회원','2023-05-08 00:27:50',NULL,1),(19,'tys234','신태양','$2b$12$tm/ilwgIY9GlTScFUuRubuTull28m4O3mK89Qadeo.6rOGJgIWilS','010-2233-5566','tys@tys.cm','일반회원','2023-05-08 00:29:50',NULL,1),(20,'shhan88','한석호','$2b$12$P.gXwzpd/yEgDuWeGzkxq.I3sxv8ubI9uArx0GmyHl7pvIJfk78n.','010-8855-9875','shhan88@shhan88.com','일반회원','2023-05-08 00:32:35',NULL,1),(21,'jiy1998','유재일','$2b$12$Hes28W8T4eyOE5YeexXuUuEfwKNh2eYjyxrd1rhHD4SL5yHJTGY9u','010-5213-7563','jiy@jiy.com','일반회원','2023-05-08 00:39:47',NULL,1),(22,'glkim55','김규리','$2b$12$Y6vZdv7TBiwKT3uDmEejI.H5gkGVK6dvDhA/i8zHOCvAwWIKbdUmG','010-3636-9898','glk@glk.com','일반회원','2023-05-08 00:41:27',NULL,1),(23,'choi2222','최경희','$2b$12$/EdZgahnaaE8dJ76KJhn1uZXq5YRTEARgIk6PcULdmqdeSYP7FcpK','010-2222-3344','aaa@aaa.com','일반회원','2023-05-12 03:20:08',NULL,1),(24,'hotdog147','김철사','$2b$12$2eviF7M9gq1uzyZdxj47Cu.sx.RfhIosaimIXHZ5m9mSn89dZsHqa','010-4700-0000','ku0788@hhhhh.com','일반회원','2023-06-18 02:58:05',NULL,1),(25,'hotdog12','이나흐','$2b$12$aj6juLM7h2.tGR/woD3yBujp4hqp5pz3AzWOXyN0FQbZiftVbErSq','010-8559-0760','ku9788@gmail.com','일반회원','2023-06-18 02:59:36',NULL,1),(26,'hotdog65','김축수','$2b$12$Rewdus7H/EeTIDs00KJV7OrcHbssqE/eJBRo3B24w4.fIEJZUHxmO','010-6510-1654','kug0799@naver.com','일반회원','2023-06-21 03:09:59',NULL,1);
/*!40000 ALTER TABLE `users` ENABLE KEYS */;
UNLOCK TABLES;

--
-- Dumping routines for database 'bread'
--
/*!40103 SET TIME_ZONE=@OLD_TIME_ZONE */;

/*!40101 SET SQL_MODE=@OLD_SQL_MODE */;
/*!40014 SET FOREIGN_KEY_CHECKS=@OLD_FOREIGN_KEY_CHECKS */;
/*!40014 SET UNIQUE_CHECKS=@OLD_UNIQUE_CHECKS */;
/*!40101 SET CHARACTER_SET_CLIENT=@OLD_CHARACTER_SET_CLIENT */;
/*!40101 SET CHARACTER_SET_RESULTS=@OLD_CHARACTER_SET_RESULTS */;
/*!40101 SET COLLATION_CONNECTION=@OLD_COLLATION_CONNECTION */;
/*!40111 SET SQL_NOTES=@OLD_SQL_NOTES */;

-- Dump completed on 2023-09-04 13:10:20
